<?xml version="1.0" encoding="UTF-8"?>
<!DOCTYPE mapper
  PUBLIC "-//mybatis.org//DTD Mapper 3.0//EN"
  "http://mybatis.org/dtd/mybatis-3-mapper.dtd">
<mapper namespace="com.sosuin.mapper.BoardMapper">
	<!-- 목록을 출력하는 SQL문  -->
	<select id="getList" resultType="com.sosuin.domain.BoardVO">
		select * from sosuin_board order by bno desc
	</select>
	
	<select id="getList2" resultType="com.sosuin.domain.BoardVO">
		select * from sosuin_board where categoryName = #{categoryName} order by bno desc
	</select>
	<!-- 최신글을 보이게 하기 위한 가장 최신 번호를 가져오는 SQL문 -->
	<select id="getBno" resultType="int">
		<![CDATA[
			select bno from sosuin_board WHERE bno = (SELECT MAX(bno) FROM sosuin_board)
		]]>
	</select>
	<select id="getBno2" resultType="int">
		<![CDATA[
			select bno from sosuin_board WHERE bno = (SELECT MAX(bno) FROM sosuin_board where categoryName=#{categoryName})
		]]>
	</select>
	<!-- 상세 보기를 위한 SQL문 -->
	<select id="read" resultType="com.sosuin.domain.BoardVO">
		select * from sosuin_board where bno=#{bno}
	</select>
	
	<insert id="insert">
		INSERT INTO SOSUIN_BOARD(BNO,ID,CATEGORYNAME,READCOUNT,CONTENT,IMG,POSTDATE)
		VALUES(SEQ_BOARD.NEXTVAL,#{TITLE},#{ID},#{CONTENT},#{IMG})
	</insert>
	
	<insert id="insertSelectKey">
		<selectKey keyProperty="bno" order="BEFORE" resultType="long">
			SELECT SEQ_BOARD.NEXTVAL FROM DUAL
		</selectKey>
		INSERT INTO SOSUIN_BOARD(BNO,ID,CATEGORYNAME,READCOUNT,CONTENT,IMG,POSTDATE)
		VALUES(#{BNO},#{TITLE},#{ID},#{CONTENT},#{IMG})
	</insert>

	
	<delete id="delete">
		DELETE SOSUIN_BOARD WHERE BNO=#{BNO}
	</delete>
	
	<update id="modify" parameterType="com.sosuin.domain.BoardVO">
	    UPDATE SOSUIN_BOARD
	    SET TITLE = #{title}, ID = #{id}, CONTENT = #{content}
    	WHERE BNO = #{bno}
	</update>
	
	<select id="getTotalCount" resultType="int"> 
		SELECT COUNT(*) FROM SOSUIN_BOARD 
		WHERE
		<trim prefix="(" suffix=") AND " prefixOverrides="OR">
		<!-- trim: SQL 문장의 문자열을 동적으로 수정할 떄 사용, Where 절과 같은 조건절에 사용 => SQL쿼리의 가독성을 높이고 유연성을 확보 -->
			<foreach item='type' collection="typeArr"> <!-- typeArr 배열을 사용하여 검색조건 -->
				<trim prefix="OR"> <!-- prefix: 문자열 시작부분에 추가 할 Or -->
					<choose>
						<when test="type == 'T'.toString()"> <!-- 타입이 문자열 T일때 true 반환 -->
							title like '%'||#{keyword}||'%'
						</when>
						<when test="type == 'C'.toString()">
							content like '%'||#{keyword}||'%'
						</when>
					</choose>
				</trim>
			</foreach>
		</trim>
		bno>0 <!--게시글 번호가 0보다 큰 경우에만 검색, 잘못된 데이터가 검색결과 포함되는 것을 방지 -->
	</select>
	
	
	<select id="getListWithPaging" resultType="com.sosuin.domain.BoardVO">
		<![CDATA[
		SELECT BNO,ID,TITLE,CATE,CATEGORYNAME,READCOUNT,CONTENT,IMG,POSTDATE
		FROM (
			SELECT /*+INDEX_DESC(SOSUIN_BOARD)*/
				LIMIT RN,BNO,ID,TITLE,CATE,CATEGORYNAME,READCOUNT,CONTENT,IMG,POSTDATE
			FROM SOSUIN_BOARD
			WHERE
		]]>	
			
		<trim prefix="(" suffix=") AND " prefixOverrides="OR">
			<foreach item='type' collection="typeArr">
				<trim prefix="OR">
					<choose>
						<when test="type == 'T'.toString()">
							title like '%'||#{keyword}||'%'
						</when>
						<when test="type == 'C'.toString()">
							content like '%'||#{keyword}||'%'
						</when>
					</choose>
				</trim>
			</foreach>
		</trim>
			
			
		<![CDATA[
			ORDER BY bno DECS
			LIMIT #({pageNum}-1) * #{amount}
		]]>
	</select>

	
</mapper>