<?xml version="1.0" encoding="UTF-8"?>
<!DOCTYPE mapper
  PUBLIC "-//mybatis.org//DTD Mapper 3.0//EN"
  "http://mybatis.org/dtd/mybatis-3-mapper.dtd">
<mapper namespace="com.sosuin.mapper.ReplyMapper">

	<insert id="insert">
		insert into sosuin_reply(bno,reply,replyer,replyDate)
		values (#{bno},#{reply},#{replyer},now())
	</insert>
	
	<select id="read">
		select * from sosuin_reply where rno=#{rno} 
	</select>
	
	<update id="update">
		update sosuin_reply SET reply=#{reply}, replyer=#{replyer}, updateDate=now()
		where rno=#{rno};
	</update>
	
	<delete id="delete">
		delete from sosuin_reply where rno=#{rno}
	</delete>
	
	<select id="getListWithPaging" resultType="com.sosuin.domain.ReplyVO">
	<!-- mysql의 limit를 사용하여 페이징 처리. 단, limit는 연산처리가 안되는 단점이 있기에, Criteria에서 메서드 선언한 후 파라미터로 받아서 사용해야 함 -->
		select bno, reply, replyer, replyDate, updateDate
		from sosuin_board
		limit #{skip}, #{amount}
	</select>

	<select id="getCountByBno" resultType="int">
		select count(rno) from sosuin_reply where bno=#{bno}
	</select>
	
   
</mapper>