<?xml version="1.0" encoding="UTF-8"?>
<beans xmlns="http://www.springframework.org/schema/beans"
	xmlns:xsi="http://www.w3.org/2001/XMLSchema-instance"
	xmlns:mybatis-spring="http://mybatis.org/schema/mybatis-spring"
	xmlns:context="http://www.springframework.org/schema/context"
	xmlns:aop="http://www.springframework.org/schema/aop"
	xmlns:jdbc="http://www.springframework.org/schema/jdbc"
	xsi:schemaLocation="http://www.springframework.org/schema/jdbc http://www.springframework.org/schema/jdbc/spring-jdbc-4.3.xsd
		http://mybatis.org/schema/mybatis-spring http://mybatis.org/schema/mybatis-spring-1.2.xsd
		http://www.springframework.org/schema/beans http://www.springframework.org/schema/beans/spring-beans.xsd
		http://www.springframework.org/schema/context http://www.springframework.org/schema/context/spring-context-4.3.xsd
		http://www.springframework.org/schema/aop http://www.springframework.org/schema/aop/spring-aop-4.3.xsd">

	<!-- Root Context: defines shared resources visible to all other web components -->

	<bean id="hikariConfig" class="com.zaxxer.hikari.HikariConfig">

		<property name="driverClassName"
			value="net.sf.log4jdbc.sql.jdbcapi.DriverSpy"></property>
		<property name="jdbcUrl"
			value="jdbc:log4jdbc:mysql://localhost:3306/jwbookdb"></property>
		<property name="username" value="jwbook"></property>
		<property name="password" value="1234"></property>

	</bean>

	<!-- HikariCP configuration -->
	<!-- 히카리가 연동을 하고, 데이타 소스를 만드는 것 -->
	<bean id="dataSource" class="com.zaxxer.hikari.HikariDataSource"
		destroy-method="close">
		<constructor-arg ref="hikariConfig" />
	</bean>

	<bean id="sqlSessionFactory"
		class="org.mybatis.spring.SqlSessionFactoryBean">
		<property name="dataSource" ref="dataSource"></property>
	</bean>

	<mybatis-spring:scan
		base-package="com.sosuin.mapper" />

	<!-- 액션 대신 쓰는 서비스. 이 코드를 입력해주어야, 아래 경로 안에 있는 어노테이션이 붙은 클래스들이 자동으로 bean에 인식이 됨 -->
	<!-- 개발자가 직접 모든 Bean을 파일에 일일이 등록하지 않아도, 스프링이 자동으로 Bean을 관리하게 하는 역할 -->
	<context:component-scan
		base-package="com.sosuin.service">
	</context:component-scan>


</beans>
